,OSM_id,Building_Height,Building_Volume,Roof_Area,Radiation
0,12582763,6,3342.458194,255.70813,139627.907331
1,11890773,6,27029.167219,2231.509699,751756.653069
2,11890772,6,10215.5155,793.511448,323936.745008
3,11890771,6,3322.850269,228.418691,129303.991075
4,9351278,30,207514.602615,1554.606785,730533.211155
5,8368552,30,1786300.0,7464.136478,3624700.0
6,8056942,6,22670.032607,1154.008186,532820.094375
7,8056859,6,215329.04315,4174.321894,2148000.0
8,7892281,27,63810.285002,1180.183961,539522.233927
9,7892281,27,457023.05432,3008.688613,1358300.0
10,7750172,27,871285.794422,3954.984273,1844200.0
11,7750171,9,225661.787169,5502.748174,2683100.0
12,7750170,6,5413.048714,382.027303,202181.209815
13,7750169,6,52880.274653,3691.644601,1281200.0
14,7750168,6,70746.021726,4611.492866,1702100.0
15,7750153,6,15862.709328,1156.113359,438027.598842
16,7750152,6,46953.753778,3474.998207,1320300.0
17,7722020,6,154778.499113,9380.114249,3477300.0
18,7490154,6,12215.305658,985.839229,442341.210424
19,5821918,6,13514.899731,1221.397347,462190.92655
20,5313250,6,3941.302413,322.804984,103733.129955
21,5313134,6,376.775392,38.924159,8936.186069
22,4720480,6,1551.624607,128.674167,53617.116415
23,4720480,6,378.54972,58.530068,18989.395397
24,3868003,6,332.946785,54.824257,22340.465173
25,3576137,6,388.11036,55.391268,18989.395397
26,3334311,6,247.600391,39.582889,8936.186069
27,3334310,6,629.03,101.39826,35744.744277
28,3334309,6,834.965525,104.883905,36861.767535
29,3238235,6,592.492176,60.993151,25691.534949
30,3223811,6,635.768496,78.783191,35744.744277
31,3223811,6,271.607858,34.541808,8936.186069
32,3223810,6,519.290672,65.24035,30159.627983
33,3223810,6,451.809463,59.656729,26808.558208
34,3211125,6,289.573234,38.685649,16755.34888
35,3211125,6,654.469268,68.539678,33510.697759
36,3211125,6,387.039347,44.91089,10053.209328
37,3189251,6,372.425205,45.358544,11170.232586
38,3183986,6,310.518691,40.383599,18989.395397
39,3016835,6,471.514618,55.0385,23457.488432
40,3016835,6,448.040189,55.36766,17872.372138
41,2787444,6,494.916494,61.960887,23457.488432
42,2697956,6,591.933472,76.799021,22340.465173
43,2695299,6,544.919466,60.389698,24574.51169
44,2655179,6,546.803856,59.975236,25691.534949
45,2502841,6,580.412435,76.858576,27925.581466
46,2451926,6,254.749031,40.952996,8936.186069
47,2451925,6,623.562405,101.646353,36861.767535
48,2448087,6,326.373629,40.836928,8936.186069
49,2448086,6,334.952589,44.175946,18989.395397
50,2448014,6,807.686779,104.296699,40212.837311
51,2448013,6,269.190429,35.411368,6702.139552
52,2448012,6,95.818135,11.238354,4468.093035
53,2439731,6,482.005114,59.137263,23457.488432
54,2439730,6,259.153509,32.965313,6702.139552
55,2439729,6,521.714517,65.640992,22340.465173
56,2439728,6,476.440289,58.760558,18989.395397
57,2439716,6,626.632313,80.790559,30159.627983
58,2438891,6,426.771454,57.966717,23457.488432
59,2218789,6,445.620292,52.594707,26808.558208
60,2218786,6,221.408945,28.192067,8936.186069
61,2218785,6,574.237577,69.727375,27925.581466
62,2218784,6,397.78353,52.897462,24574.51169
63,2166169,6,399.838197,52.104526,24574.51169
64,2108270,6,607.510539,73.60445,29042.604725
65,2102163,6,743.477835,94.206063,35744.744277
66,2100866,6,407.416229,55.245505,18989.395397
67,2100813,6,498.284508,60.651076,16755.34888
68,2097128,6,305.999708,38.729863,18989.395397
69,2095410,6,506.687764,65.905126,22340.465173
70,2095409,6,1058.834345,134.456526,49149.02338
71,2095408,6,416.140295,51.795067,18989.395397
72,2095407,6,2473.494676,264.69452,129574.698003
73,2095406,6,1850.502819,216.710555,78191.628105
74,2095405,6,1822.305076,212.310519,77074.604847
75,2095404,6,1945.948321,221.766813,82659.72114
76,2095403,6,1955.256755,206.074132,90478.88395
77,2095402,6,2050.125785,238.235609,111702.325865
78,2095401,6,2553.000348,290.486392,139627.907331
79,2095400,6,2534.673691,292.928087,129574.698003
80,2095398,6,1969.2964,201.377304,84893.767657
81,2095397,6,2228.110838,218.459342,81542.697881
82,2095396,6,2163.055941,215.209862,84893.767657
83,2095395,6,2208.359289,218.175137,89361.860692
84,2095394,6,1927.693229,221.281773,89361.860692
85,2079154,6,1899.527566,209.525228,101649.116537
86,2013050,6,2505.398025,272.961636,129574.698003
87,2013049,6,1931.029162,215.761451,92712.930468
88,2013048,6,2023.76209,229.418879,121755.535193
89,2012925,6,2549.346072,268.654224,123989.58171
90,2012924,6,2321.148288,285.792649,107234.23283
91,2012923,6,1923.23594,212.04873,90210.359072
92,1922063,6,1941.741264,218.248594,85812.03424
93,1922061,6,1972.335707,219.671963,92555.495581
94,1922060,6,1792.04625,202.934509,90478.88395
95,1918657,6,2110.619747,206.602111,111702.325865
96,1717059,6,1949.75708,205.554789,103883.163054
97,1707884,6,2034.96133,238.833797,121755.535193
98,1467257,6,2155.868803,248.650345,110585.302606
99,1450423,6,1129.413594,76.42577,35744.744277
100,1331910,6,1995.455764,222.391612,94946.976985
101,1323584,6,1721.34608,146.188435,52500.093156
102,1318157,6,16202.97799,1067.558904,369734.698612
103,1302099,6,638.21998,47.480991,11170.232586
104,1302099,6,48968.439897,2459.616135,837761.562613
105,1302099,6,16159.755961,1224.916389,405498.381991
106,1302099,6,11304.288354,900.771775,288192.000731
107,402177,6,4114.140188,414.381432,131808.74452
108,369638,6,13503.467533,844.149542,274787.721627
109,151696,6,14367.761534,914.782877,279255.814662
110,105577,6,15727.215844,973.669373,299362.233317
111,93013,6,20151.531209,1751.193487,576384.001462
112,67624,6,1129.760563,95.094667,36861.767535
113,1062532830,6,1383.117277,130.04049,53617.116415
114,1057100869,6,729.02311,60.650871,23457.488432
115,1051380926,6,729.02311,60.655025,23457.488432
116,1042803341,6,1606.6796,134.087265,42446.883829
117,1042803340,9,3763.77686,209.771429,78191.628105
118,1040731268,9,3765.817954,209.877666,77074.604847
119,1036302642,9,3765.817954,209.877666,77074.604847
120,1034875346,9,4961.123759,273.707438,89361.860692
121,1034875345,12,14636.737267,511.465616,166436.465538
122,1034875344,12,14636.737267,511.399973,166436.465538
123,1034875343,9,1427.62921,79.279707,29042.604725
124,1034875342,9,1428.469487,79.322893,30159.627983
125,1034875341,9,1428.469487,79.326389,30159.627983
126,1034875340,9,1533.615058,85.303496,30159.627983
127,1034875339,6,1468.681328,118.095695,42402.285405
128,1034875338,6,1028.787253,85.285481,36860.566188
129,1034875337,9,1145.186849,63.370355,24574.51169
130,1034875336,9,1144.060805,63.307797,24574.51169
131,1034875335,9,1145.186849,63.373275,24574.51169
132,1034875334,9,8157.101951,389.28214,122872.558451
133,1034875333,6,1331.585768,118.279379,43563.907087
134,1034875332,9,1583.520059,85.553933,29042.604725
135,1034875331,9,1665.531013,89.40049,30159.627983
136,1034875330,9,1630.752463,88.999477,36861.767535
137,1034875329,6,476.181173,39.638455,8920.2185
138,1034875328,6,335.718092,24.983718,6702.139552
139,1034875327,9,1634.687325,88.969905,30159.627983
140,1034875326,9,1516.628153,83.145018,35744.744277
141,1034875325,9,1599.731836,89.138865,34627.721018
142,1034875324,6,844.168831,71.80092,30159.627983
143,1034875323,6,788.936652,67.2165,23457.488432
144,1034875322,6,1165.377414,98.695803,49149.02338
145,1034875321,9,2031.872174,112.509894,35744.744277
146,1034875320,9,1688.733,93.98417,29042.604725
147,1034875319,6,1390.03444,102.649214,43563.907087
148,1034875318,6,667.944781,50.971613,27925.581466
149,1034875317,6,912.886394,66.512609,32393.674501
150,1034875316,6,1455.903702,97.473681,50266.046639
151,1034875315,6,812.473269,62.245874,27925.581466
152,1034875314,6,918.077598,69.839453,21223.441914
153,1034875313,6,531.410885,46.6183,24574.51169
154,1034875312,6,673.843248,54.543383,24574.51169
155,1034875311,6,577.671728,48.377821,16755.34888
156,1034875310,6,977.987685,85.432108,37978.790794
157,1034875309,6,1008.555476,86.316393,33510.697759
158,1034875308,6,623.314641,51.94593,13404.279104
159,1034875307,6,798.336393,61.653321,23457.488432
160,1034875306,6,556.546617,46.964939,17872.372138
161,1034875305,6,982.248046,74.165456,26808.558208
162,1034875304,6,1126.869322,92.466614,40212.837311
163,1034875303,6,1058.407914,76.697431,31276.651242
164,1034875302,6,657.772627,59.36656,37978.790794
165,1034875301,6,940.006709,73.157413,36861.767535
166,1034875300,6,603.228956,50.7206,29042.604725
167,1034875299,6,600.730584,50.223467,11170.232586
168,1034875298,6,585.31639,52.299192,12287.255845
169,1033652243,6,751.608154,63.440481,36861.767535
170,1026813342,6,581.031352,50.515816,12287.255845
171,1026813341,6,1017.274606,76.093567,29042.604725
172,1026813340,6,839.468714,66.36882,24574.51169
173,1026813339,6,884.257778,68.052334,31276.651242
174,1026813338,6,565.352613,48.419279,17872.372138
175,1026813337,6,541.975908,49.235371,11170.232586
176,1026813336,6,924.777598,73.542755,27925.581466
177,1026813335,6,871.799481,72.289991,31276.651242
178,1026813334,6,773.596985,65.301756,18989.395397
179,1026813333,6,874.965138,72.678501,22340.465173
180,1026813332,6,694.94911,62.173773,21223.441914
181,1026813331,6,555.993837,50.382309,11170.232586
182,1026813330,6,627.307495,53.247145,22340.465173
183,1026813329,6,608.177331,50.760989,13404.279104
184,1026813328,6,648.775132,52.922057,13404.279104
185,1026813327,6,769.174739,63.778195,26808.558208
186,1026813326,6,517.133346,48.237199,17872.372138
187,1026813325,6,838.245193,76.97086,59202.232708
188,1026813324,6,796.174626,65.300687,20106.418656
189,1026813323,6,846.591689,70.085737,24574.51169
190,1026813322,6,672.315697,53.858618,20106.418656
191,1026813321,6,678.563107,60.420998,24574.51169
192,1026813320,6,679.120824,56.623262,25691.534949
193,1026813319,6,1017.220809,77.024246,25691.534949
194,1026813318,6,750.013974,56.473592,18989.395397
195,1026813317,6,735.378115,69.063462,35744.744277
196,1026813316,6,589.700633,50.42167,12287.255845
197,1026813315,6,1315.89469,91.507473,33510.697759
198,1026813314,6,500.674298,45.063316,10053.209328
199,1025935701,6,543.838088,48.428163,10053.209328
200,1024968306,6,862.927349,68.62934,23457.488432
201,1019972528,6,1442.492845,91.404279,35744.744277
202,1019900511,6,597.928183,50.451448,17872.372138
203,1019900510,6,576.287802,50.103945,16755.34888
204,1017596575,6,569.547331,51.662013,17872.372138
205,1014927400,6,1372.351377,95.726293,32393.674501
206,1014927399,6,577.834107,49.984093,12287.255845
207,1014927289,6,776.113125,59.127885,34627.721018
208,1014927288,6,934.104293,72.942429,26808.558208
209,1014927287,6,2040.600681,168.93956,63670.325743
210,1014927286,6,1169.466018,79.592991,34627.721018
211,1013823331,6,771.555644,71.910612,44680.930346
212,1013819404,6,599.828367,50.296472,11170.232586
213,1013712165,6,498.809157,44.627096,8936.186069
214,1013712164,6,722.418367,58.946258,17872.372138
215,1013690717,6,548.154714,49.05107,11170.232586
216,1013688260,6,883.618132,71.062563,21223.441914
217,1013688259,6,1005.86906,75.828775,27925.581466
218,1013688258,6,511.394297,44.886541,11170.232586
219,1013688257,6,1122.22695,77.457299,27925.581466
220,1013688256,6,903.821283,72.202468,22340.465173
221,1013688255,6,526.020778,47.490451,8936.186069
222,1012976375,6,1046.1653,87.050102,48032.000122
223,1012976374,6,1209.642324,88.696887,42446.883829
224,1012976373,6,1056.897144,84.309107,48032.000122
225,1012976372,6,1082.85958,77.146031,40212.837311
226,1012976371,6,758.179336,57.278908,13404.279104
227,1012976370,6,524.98925,43.142608,8936.186069
228,1012974053,6,1356.164771,89.085314,27925.581466
229,1012974052,6,1569.247949,97.850838,33510.697759
230,1012974051,6,562.112923,45.449933,26808.558208
231,1012974050,6,966.312658,69.102988,23457.488432
232,1012972129,6,1004.910578,74.751223,33510.697759
233,1012971898,6,1782.101131,102.841454,49149.02338
234,1012971897,6,866.044638,63.285134,18989.395397
235,1012971896,6,545.525057,44.952307,8936.186069
236,1012971895,6,662.262984,52.010997,13404.279104
237,1012818793,6,624.81011,49.945226,13404.279104
238,1012817530,6,673.239631,56.325978,27925.581466
239,1012817529,6,962.522655,74.705446,35744.744277
240,1012817528,6,928.291704,70.115555,42446.883829
241,1012817263,6,954.387893,75.728008,24574.51169
242,1012817262,6,556.926654,49.86453,24574.51169
243,1012817261,6,954.782737,80.642657,63670.325743
244,1012816619,6,1232.888731,98.33411,54734.139674
245,1012816618,6,1085.10081,75.646695,23457.488432
246,1012103040,6,551.570603,46.017768,20106.418656
247,1010700207,6,559.095332,46.766901,20106.418656
248,1010294728,6,750.577613,58.342682,33510.697759
249,1010294727,6,527.006406,44.051776,8936.186069
250,1010294726,6,1507.04629,98.057926,44680.930346
251,1010294725,6,1174.964213,79.694046,27925.581466
252,1010294724,6,977.296709,71.001814,23457.488432
253,1010294723,6,517.152102,42.900109,8936.186069
254,1010294722,6,1127.647163,82.911773,35744.744277
255,1010294721,6,652.804509,52.645544,16755.34888
256,1010294720,6,856.904012,65.013973,33510.697759
257,1010294719,6,794.024703,60.978303,20106.418656
258,1010294718,6,606.081206,51.865358,31276.651242
259,1010294717,6,595.057671,50.424385,11170.232586
260,1010294716,6,1268.298783,106.935199,50266.046639
261,1010294715,6,1271.929368,98.238649,42446.883829
262,1010294714,6,1113.567047,80.084529,26808.558208
263,1010294713,6,1118.24989,75.720893,39095.814053
264,1010294712,6,652.484686,53.779443,30159.627983
265,1010294711,6,518.824263,43.986298,11170.232586
266,1010294710,6,938.863637,72.851245,22340.465173
267,1010294709,6,906.591603,71.430837,22340.465173
268,1010294708,6,564.650779,47.295497,11170.232586
269,1010294707,6,890.885225,69.657414,40212.837311
270,1010294706,6,1054.319803,81.770963,26808.558208
271,1010294705,6,883.445388,70.311908,22340.465173
272,1010294704,6,14201.470757,1013.005773,337341.024111
273,1010294703,6,976.370308,125.590605,52500.093156
274,1010294702,6,484.354432,66.798377,31276.651242
275,1010294701,6,293.553256,48.925543,10053.209328
276,1010294700,6,312.506234,51.855322,18989.395397
277,1010294699,6,178.477126,29.545476,8936.186069
278,1010294698,6,306.712894,46.652478,26808.558208
279,1010294697,6,609.422075,101.497588,32393.674501
280,1010294696,6,353.910996,57.290218,22340.465173
281,1010294695,6,440.126046,56.169357,18989.395397
282,1010294694,6,855.331549,108.749257,42446.883829
283,1010294693,6,160.377997,21.460769,4468.093035
284,1010294692,6,431.85457,66.533914,30159.627983
285,1010294691,6,843.225649,106.905215,43563.907087
286,1010294690,6,432.440912,63.940945,22340.465173
287,1010294689,6,482.657593,69.834723,23457.488432
288,1010294688,6,564.989851,93.519859,35744.744277
289,1010294687,6,528.300506,69.650381,23457.488432
290,1010294686,6,659.636288,79.427979,27925.581466
291,1010294685,6,293.662825,46.204413,8936.186069
292,1010294684,6,393.848915,57.639778,24574.51169
293,1010294683,6,502.057731,74.38661,22340.465173
294,1010294682,6,355.192263,51.019899,22340.465173
295,1010294681,6,468.918522,60.425851,48032.000122
296,1010294680,6,160.715588,19.693186,6702.139552
297,1010294679,6,386.986043,46.051494,8936.186069
298,1010294678,6,340.550975,53.15045,17872.372138
299,1010294677,6,468.991074,66.186493,29042.604725
300,1010294676,6,183.51977,23.371811,6702.139552
301,1010294675,6,737.109504,97.623063,30159.627983
302,1010294674,6,680.707601,89.430309,35744.744277
303,1010294673,6,466.529226,65.460351,30159.627983
304,1010294672,6,621.110427,76.943056,29042.604725
305,1010294671,6,900.328893,111.735261,43563.907087
306,1010294670,6,305.108349,38.420363,11170.232586
307,1010294669,6,176.717111,23.5928,7819.162811
308,1010294668,6,547.160696,69.751189,37978.790794
309,1010294667,6,652.05332,64.39086,26808.558208
310,1010294666,6,240.452737,36.149273,15638.325621
311,1010294665,6,372.484431,51.768004,18989.395397
312,1010294664,6,462.607443,56.363488,11170.232586
313,1010294663,6,480.093578,51.862355,24574.51169
314,1010294662,6,876.747856,108.276268,41329.86057
315,1010294661,6,721.343406,78.919001,33510.697759
316,1010294660,6,978.740355,116.924203,55851.162932
317,1010294659,6,404.549666,53.256811,18989.395397
318,1010294658,6,438.880315,58.716837,22340.465173
319,1010294657,6,776.441832,99.706232,36861.767535
320,1010294656,6,377.059679,52.480696,18989.395397
321,1010294655,6,560.171774,73.347925,27925.581466
322,1010294654,6,333.045495,47.841451,11170.232586
323,1009189142,6,642.32882,86.214309,37978.790794
324,1009189141,6,248.55147,33.512953,6702.139552
325,1009189140,6,814.98546,110.440709,36861.767535
326,1009189139,6,686.168779,95.328283,36861.767535
327,1009189138,6,1118.924579,127.457474,56968.186191
328,1009189137,6,656.765776,78.695503,33510.697759
329,1009189136,6,777.347997,89.223468,40212.837311
330,1009189135,6,662.746667,88.841334,35744.744277
331,1009189134,6,751.651094,119.474315,42446.883829
332,1009189133,6,1400.553069,191.685256,63670.325743
333,1009189132,6,719.969351,101.258584,36861.767535
334,1009189131,6,859.686672,100.456024,35744.744277
335,1009189130,6,412.010232,44.889091,20106.418656
336,1009189129,6,232.188664,33.557825,8936.186069
337,1009189128,6,69.267382,9.414301,1117.023259
338,1009189127,6,286.824137,39.642445,8936.186069
339,1009189126,6,237.686366,35.891638,8936.186069
340,1009189125,6,541.833764,75.181808,30159.627983
341,1009189124,6,334.318865,41.180195,18989.395397
342,1009189123,6,1447.1594,149.845014,64787.349002
343,1009189122,6,1404.101231,162.315691,59202.232708
344,1009189121,6,1275.636454,122.19709,51383.069898
345,1009189120,6,724.091022,83.722847,30159.627983
346,1009189119,6,238.220885,29.330615,8936.186069
347,1009189118,6,316.83816,37.951116,8936.186069
348,1009189117,6,524.871291,61.4756,23457.488432
349,1009189116,6,317.157983,37.615499,8936.186069
350,1009189115,6,484.068171,53.169698,18989.395397
351,1009189114,6,282.409787,32.9204,10053.209328
352,1009189113,6,443.105633,50.474768,20106.418656
353,1009189112,6,428.785155,52.548108,18989.395397
354,1009189111,6,106.223247,12.220445,2234.046517
355,1009189110,6,1968.215516,175.081514,86010.790916
356,1009189103,6,901.643721,75.001578,24574.51169
357,1009189102,6,1039.558582,79.595828,26808.558208
358,1009189101,6,1123.187407,82.050809,48032.000122
359,1009189100,6,1101.5796,78.80499,41329.86057
360,1009189099,6,973.476599,73.96606,25691.534949
361,1009189098,6,1054.776835,77.106053,39095.814053
362,1009189097,6,534.936343,49.546722,11170.232586
363,1009189096,6,906.429224,88.261819,52500.093156
364,1009189095,6,1046.97769,80.491753,37978.790794
365,1009189094,6,960.244408,72.354359,32393.674501
366,1009189093,6,753.754128,62.373005,40212.837311
367,1009189092,6,676.23748,55.501413,16755.34888
368,1009189091,6,972.884334,72.283328,26808.558208
369,1009189090,6,965.818611,70.756148,37978.790794
370,1009189089,6,857.83683,69.113846,35744.744277
371,1009189088,6,1479.789261,131.823167,73723.535071
372,1009189087,6,607.381228,53.163693,17872.372138
373,1008808680,6,653.238837,52.944966,14521.302362
374,1008807686,6,815.353652,64.261097,32393.674501
375,1008807685,6,605.928698,49.804069,30159.627983
376,1008807684,6,1007.125156,77.125795,21223.441914
377,1008807683,6,955.311827,69.907522,30159.627983
378,1008807682,6,557.834794,49.45636,12287.255845
379,1008807681,6,822.90059,67.312661,20106.418656
380,1008807680,6,1134.94387,80.880345,35744.744277
381,1008807679,6,674.427123,54.737391,13404.279104
382,1008807678,6,677.107122,52.309104,13404.279104
383,1008807677,6,525.456152,46.438276,10053.209328
384,1008807676,6,907.824008,68.802166,24574.51169
385,1008807675,6,916.053532,71.493641,22340.465173
386,1008807674,6,704.831054,58.902619,23457.488432
387,1008807673,6,674.874283,52.677172,22340.465173
388,1008807672,6,859.02136,68.561764,31276.651242
389,1008807671,6,769.740352,63.727729,26808.558208
390,1008807670,6,886.457056,71.593709,33510.697759
391,1008807669,6,708.669919,59.747049,24574.51169
392,1008807668,6,695.277817,51.315744,25691.534949
393,1008807667,6,738.995868,60.155753,25691.534949
394,1008807666,6,166.459079,27.509975,6702.139552
395,1008807665,6,85.748147,12.844421,4468.093035
396,1008807664,6,85.748147,12.814109,4468.093035
397,1008807663,6,85.748147,12.814109,4468.093035
398,1008807662,6,85.748147,12.844421,4468.093035
399,1008807661,6,85.748147,12.844421,4468.093035
400,1008807660,6,120.496343,12.481741,4468.093035
401,1008807659,6,120.881315,12.487581,4468.093035
402,1008807658,6,120.881315,12.487581,4468.093035
403,1008807657,6,120.496343,12.481741,4468.093035
404,1008807656,6,585.481731,44.901553,20106.418656
405,1008807655,6,1061.72904,148.452533,61436.279226
406,1008807654,6,594.598666,67.323025,25691.534949
407,1008807653,6,325.739905,51.622817,23451.701694
408,1008807652,6,334.259639,53.687683,22307.934807
409,1008806102,6,624.839724,83.541137,36861.767535
410,1008806101,6,737.639581,94.084032,35744.744277
411,1008806100,6,449.087017,74.847836,13404.279104
412,1008806099,6,226.954521,31.008083,15638.325621
413,1008806098,6,687.258547,110.634717,43563.907087
414,1008806097,6,537.34242,89.137384,29042.604725
415,1008806096,6,304.101498,50.039001,18989.395397
416,1008806095,6,926.95812,120.288557,43563.907087
417,1008806094,6,599.786908,78.901891,30159.627983
418,1008806093,6,781.356152,100.398196,36861.767535
419,1008806092,6,552.583376,71.297988,24574.51169
420,1008806091,6,719.379553,77.508711,27925.581466
421,1008806090,6,393.076997,50.541151,18989.395397
422,1008806089,6,503.099624,64.803184,24574.51169
423,1008806088,6,409.136759,58.686812,23457.488432
424,1008806087,6,580.153319,72.910677,29042.604725
425,1008806086,6,414.825466,53.823411,20106.418656
426,1008806085,6,226.109556,29.963845,8936.186069
427,1008806084,6,302.771863,36.927978,10053.209328
428,1008806083,6,323.87427,43.153754,8936.186069
429,1008806082,6,485.489607,57.669062,20106.418656
430,1008806081,6,796.971716,103.785582,34627.721018
431,1008806080,6,405.089614,56.744759,24574.51169
432,1008806079,6,662.54431,78.962804,33510.697759
433,1008806078,6,229.088157,28.89094,8936.186069
434,1008806077,6,255.623609,33.927456,6702.139552
435,1008806076,6,501.19944,64.541189,23457.488432
436,1008806075,6,811.557232,96.614896,37978.790794
437,1008806074,6,367.047437,46.465257,8936.186069
438,1008806073,6,241.130881,31.692766,8936.186069
439,1008806072,6,211.216556,27.486943,6702.139552
440,1008806071,6,642.886043,81.250099,42446.883829
441,1008806070,6,463.779635,57.42537,23457.488432
442,1008806069,6,424.481362,54.857572,22340.465173
443,1008806068,6,856.413419,98.6112,37978.790794
444,1008806067,6,342.737914,44.913687,11170.232586
445,1008806066,6,484.940775,61.262508,23457.488432
446,1006784222,6,525.141758,67.511234,24574.51169
447,1006784221,6,542.602228,69.361034,29042.604725
448,1006784220,6,998.069915,111.943952,45797.953605
449,1006784219,6,322.970078,41.235885,8936.186069
450,1006784218,6,303.437174,39.319825,8936.186069
451,1006784217,6,485.664819,59.888288,24574.51169
452,1006784216,6,386.238308,50.371287,11170.232586
453,1006784215,6,303.881373,36.048629,8936.186069
454,1006784214,6,126.724998,15.469184,4468.093035
455,1006784213,6,401.669283,54.176138,22340.465173
456,1006110557,6,685.181177,74.960942,30159.627983
457,1005781117,6,372.241602,48.414632,18989.395397
458,1005781116,6,245.329547,32.230493,8936.186069
459,1005781115,6,249.193584,33.393225,8936.186069
460,1005007472,6,634.480813,76.31871,26808.558208
461,1005007471,6,235.380974,33.142581,8936.186069
462,1005005879,6,348.216367,47.328278,18989.395397
463,1004770300,6,344.624279,46.327473,18989.395397
464,1004770299,6,485.738852,61.696753,24574.51169
465,1004770298,6,506.513045,64.66614,22340.465173
466,1004770297,6,609.653058,76.27684,41329.86057
467,1004770296,6,383.713778,50.72936,18989.395397
468,1004770295,6,574.047065,74.061275,23457.488432
469,1004770294,6,702.260623,90.256601,29042.604725
470,1004770293,6,674.324463,87.117842,29042.604725
471,1004770292,6,270.463799,33.459772,11170.232586
472,1004770291,6,355.674959,44.989776,17872.372138
473,1004770290,6,685.412654,86.65859,29042.604725
474,1004770289,6,319.388355,41.408341,17872.372138
475,1004770288,6,219.409557,31.573243,6702.139552
476,1004770287,6,642.037623,106.547512,42446.883829
477,1004770286,6,567.523758,93.718679,36861.767535
478,1004770285,6,480.649814,76.920435,26808.558208
479,1004770284,6,578.110004,77.745164,30159.627983
480,1004770283,6,496.350269,63.44702,24574.51169
481,1004770282,6,486.827139,66.471315,25691.534949
482,1004770281,6,329.030431,53.904477,18989.395397
483,1004770280,6,598.430621,76.488411,31276.651242
484,1004770279,6,469.369631,76.697966,24574.51169
485,1004770278,6,177.109487,28.091753,6702.139552
486,1004770277,6,431.891586,69.730542,23457.488432
487,1004770276,6,1277.441876,138.258868,58085.20945
488,1004770275,6,464.661616,62.486769,22340.465173
489,1004770273,6,647.982484,82.90984,30159.627983
490,1004770272,6,541.306648,71.384237,23457.488432
491,1004770271,6,286.126744,40.516529,8936.186069
492,1004770270,6,261.82808,34.477399,8936.186069
493,1004770269,6,387.430242,42.008873,18989.395397
494,1004770268,6,310.534484,41.280716,11170.232586
495,1004770267,6,511.778282,62.589799,31276.651242
496,1004770266,6,311.153895,41.169214,11170.232586
497,1004770265,6,419.353333,46.973782,11170.232586
498,1004770264,6,380.788976,49.216575,22340.465173
499,1004770263,6,434.531608,58.789102,23457.488432
500,1004770262,6,550.101785,73.603504,29042.604725
501,1004648919,6,378.111443,48.580672,25691.534949
502,1004648918,6,316.1689,39.986534,8936.186069
503,1004648917,6,165.908273,14.723341,4468.093035
504,1004648916,6,244.901636,23.635903,6702.139552
505,1004648915,6,717.481837,93.118722,35744.744277
506,1004648914,6,521.009722,67.165252,29042.604725
507,1004648913,6,565.581622,70.233433,30159.627983
508,1004648912,6,475.419125,59.016424,18989.395397
509,1004648911,6,302.819244,41.078523,8936.186069
510,1004648910,6,758.975933,104.576297,36861.767535
511,1004648909,6,342.440301,39.952191,17872.372138
512,1004648908,6,110.007327,13.91856,4468.093035
513,1004648907,6,173.068758,22.185759,6702.139552
514,1004648906,6,222.324489,28.497084,6702.139552
515,1004648905,6,347.689251,51.016485,23457.488432
516,1004648904,6,878.166825,116.271107,42446.883829
517,1004648903,6,612.753566,79.120207,30159.627983
518,1004646848,6,700.809573,91.000675,35744.744277
519,1004646847,6,251.141149,31.06188,8936.186069
520,1004646846,6,364.468122,46.415079,17872.372138
521,1004646845,6,462.464313,55.498863,11170.232586
522,1004646844,6,403.702727,57.963262,23457.488432
523,1004646843,6,500.2913,64.105216,24574.51169
524,1004646842,6,460.190015,71.919867,30159.627983
525,1004646841,6,280.506148,45.437389,11170.232586
526,1004646837,6,764.292006,96.992589,36861.767535
527,1004646836,6,766.32693,96.113363,34627.721018
528,1004646835,6,732.434558,86.924863,34627.721018
529,1004646834,6,583.736523,76.414542,29042.604725
530,1004646833,6,616.311106,81.559845,30159.627983
531,1004646832,6,808.157136,105.762267,42446.883829
532,1004646831,6,330.1814,47.888462,18989.395397
533,1004646830,6,135.803929,21.763934,6702.139552
534,1004646829,6,1046.983613,130.203651,42446.883829
535,1004646828,6,229.13998,30.877949,8936.186069
536,1004646827,6,324.425076,41.714632,17872.372138
537,1004646826,6,488.316192,64.41817,23457.488432
538,1004646825,6,513.829494,64.304036,29042.604725
539,1004646824,6,256.524839,31.453474,8936.186069
540,1004646823,6,120.06547,16.926855,4468.093035
541,1004646822,6,597.946938,74.646548,37978.790794
542,1004646821,6,243.339043,38.476587,11170.232586
543,1004646819,6,450.893426,73.138246,24574.51169
544,1004646818,6,452.325227,62.339731,25691.534949
545,1004646817,6,233.730035,34.235187,8936.186069
546,1004646816,6,524.890539,69.953752,29042.604725
547,1004646815,6,346.141958,48.231564,18989.395397
548,1004646814,6,167.656442,25.572857,6702.139552
549,1004646813,6,670.658836,87.425368,34627.721018
550,1004646812,6,643.177733,79.094542,29042.604725
551,1004646811,6,364.835327,47.48605,18989.395397
552,1004646810,6,296.102957,36.838234,8936.186069
553,1004646809,6,555.003767,71.068691,27925.581466
554,1004646808,6,476.545416,62.269482,24574.51169
555,1004646807,6,453.387849,58.7388,48032.000122
556,1004646806,6,836.436316,105.186783,36861.767535
557,1004646805,6,139.142824,22.268347,6702.139552
558,1004646804,6,730.973637,89.254316,33510.697759
559,1004646803,6,210.964843,26.96139,6702.139552
560,1004646802,6,239.363957,31.429784,8936.186069
561,1004646801,6,200.814899,25.946149,6702.139552
562,1004646800,6,293.625315,38.458161,8936.186069
563,1004646799,6,226.874566,28.137077,6702.139552
564,1004646798,6,167.551808,22.390913,4468.093035
565,1004646797,6,259.375115,31.346496,10053.209328
566,1004646796,6,310.165306,39.076708,15638.325621
567,1004646795,6,553.582824,64.919128,33510.697759
568,1004646794,6,962.28871,101.940429,43563.907087
569,1004646793,6,483.562278,55.348494,16755.34888
570,1004646792,6,4958.579981,451.871198,163488.824355
571,1004646791,6,1813.589895,160.839141,58085.20945
572,1004646790,6,1591.781664,136.057616,45797.953605
573,1004646789,6,537.397698,42.8867,35718.778399
574,1004646788,6,1188.439232,105.174608,37452.245702
575,1004646787,21,73137.494589,1161.439674,435596.731307
576,1004646786,33,49962.099658,690.244427,281489.861179
577,1004646785,21,27965.078661,779.085679,262348.820133
578,1004646784,6,430.970614,37.909411,8936.186069
579,1004646783,6,5679.00044,414.404588,145338.879957
580,1004646782,6,506.649266,65.395778,29042.604725
581,1004646781,6,608.463592,70.592493,25691.534949
582,1004646780,6,422.637443,63.488602,24574.51169
583,1004646779,6,343.608544,43.260732,8936.186069
584,1004646778,6,370.63459,50.230336,17872.372138
585,1004646777,6,101.050304,14.077731,1117.023259
586,1004646776,6,416.930475,50.160169,31276.651242
587,1004646775,6,537.036417,68.901947,52500.093156
588,1004646774,6,436.16774,67.431237,23457.488432
589,1004646773,6,443.421508,61.977791,23457.488432
590,1004646772,6,86.441097,13.99539,4468.093035
591,1004646771,6,78.431698,12.537307,4468.093035
592,1004646770,6,325.137769,53.147077,11170.232586
593,1004646769,6,290.150692,47.663936,36861.767535
594,1004646768,6,255.715904,30.558701,8936.186069
595,1004646766,6,98.801671,16.051372,4468.093035
596,1004646765,6,263.032352,36.610829,16755.34888
597,1004646764,6,70.680922,10.579624,2234.046517
598,1004646763,6,170.978556,26.952506,8936.186069
599,1004646762,6,459.195009,58.400057,27925.581466
600,1004646761,6,331.20207,52.798052,44680.930346
601,1004646760,6,345.290577,39.305018,11170.232586
602,1004646759,6,479.829527,65.428106,24574.51169
603,1004646758,6,224.871229,35.528341,8936.186069
604,1004646757,6,88.716876,13.911033,4468.093035
605,1004646756,6,439.702576,54.676972,24574.51169
606,1004646755,6,349.580551,45.899068,18989.395397
607,1004646754,6,600.9591,81.422514,34627.721018
608,1004646753,6,66.128377,10.363571,4468.093035
609,1004646752,6,773.450893,126.463167,43563.907087
610,1004646751,6,491.180288,66.46675,23457.488432
611,1004646750,6,287.164689,43.529925,8936.186069
612,1004642692,6,797.264393,119.072768,39095.814053
613,1004642691,6,786.643599,122.177471,72606.511812
614,1004642690,6,181.393045,29.326502,7819.162811
615,1004642689,6,325.653533,35.449578,33510.697759
616,1004642688,6,145.282639,22.689061,6702.139552
617,1004642687,6,328.535396,54.197031,18989.395397
618,1004642686,6,250.453134,41.014032,18989.395397
619,1004642685,6,806.827501,131.927019,52500.093156
620,1004642684,6,732.794852,122.074483,41329.86057
621,1004642683,6,1003.5459,165.597498,53617.116415
622,1004642682,6,191.402819,29.977336,8936.186069
623,1004642681,6,546.897631,80.592479,26808.558208
624,1004642680,6,501.806512,81.639143,29042.604725
625,1004642679,6,397.820053,63.260457,24574.51169
626,1004642678,6,891.188761,130.86633,42446.883829
627,1004642677,6,1176.633413,141.118234,69255.442036
628,1004642676,6,123.874228,20.132244,4468.093035
629,1004642675,6,472.917792,74.894395,24574.51169
630,1004642674,6,48.042574,7.678553,1117.023259
631,1004642673,6,531.440992,77.966071,43563.907087
632,1004642672,6,90.073163,13.973386,4468.093035
633,1004642671,6,348.521383,54.638927,18989.395397
634,1004642670,6,323.441916,47.01376,8936.186069
635,1004642669,6,249.847543,38.443149,8936.186069
636,1004642668,6,298.680791,41.987198,11170.232586
637,1004642667,6,305.695185,47.526357,18989.395397
638,1004642666,6,456.626553,67.797619,23457.488432
639,1004642665,6,438.472639,66.963471,24574.51169
640,1004642664,6,503.988022,74.849975,23457.488432
641,1004642663,6,226.892827,30.685339,8936.186069
642,1004642662,6,293.887886,43.717064,8936.186069
643,1004642661,6,233.857865,36.700861,8936.186069
644,1004642660,6,253.348817,31.312811,26808.558208
645,1004642659,6,292.020276,42.907964,15638.325621
646,1004642658,6,438.493368,68.452113,24574.51169
647,1004642657,6,243.731912,37.841054,8936.186069
648,1004642656,6,392.979766,61.611245,23457.488432
649,1004642655,6,938.574414,97.038201,63670.325743
650,1004642654,6,430.518518,32.631218,7819.162811
651,1004642653,6,209.605101,16.941086,4468.093035
652,1004642652,6,287.959312,22.741665,17872.372138
653,1004642651,6,340.869318,27.399666,8936.186069
654,1004642650,6,665.68677,61.542682,22340.465173
655,1004642649,6,651.500539,58.723171,17872.372138
656,1004642648,6,645.839471,58.283167,17872.372138
657,1004642647,6,643.000054,58.051361,17872.372138
658,1004642646,6,644.597689,58.265687,17872.372138
659,1004642645,6,742.35105,65.806744,20106.418656
660,1004642644,6,741.154675,65.626515,22340.465173
661,1004642643,6,743.531632,65.961597,22340.465173
662,1004642642,6,742.35105,65.788565,20106.418656
663,1004642641,6,742.963551,65.803618,20106.418656
664,1004642640,6,742.35105,65.784082,20106.418656
665,1004642639,6,665.157186,61.568059,21223.441914
666,1004642638,6,663.205179,61.555802,21223.441914
667,1004642637,6,663.297473,61.482304,21223.441914
668,1004642636,6,803.289211,58.717289,22340.465173
669,1004642635,6,986.587868,74.651278,39095.814053
670,1004642634,6,1354.264587,95.776759,36861.767535
671,1004642633,6,713.845329,56.255934,24574.51169
672,1004642632,6,1305.697859,88.062711,33510.697759
673,1004642631,6,1032.762339,75.897503,42446.883829
674,1004642630,6,527.388417,44.905255,26808.558208
675,1004642629,6,759.562275,57.119078,70372.465295
676,1000065606,6,1098.330039,79.432462,32393.674501
677,999006495,6,654.771323,53.845909,60319.255967
678,996089538,6,1118.355017,83.175084,35744.744277
679,996080906,6,1335.095926,122.765541,53617.116415
680,996080905,6,1279.879047,118.196586,56968.186191
681,996080904,6,1224.114322,112.699131,55851.162932
682,996080903,6,1439.038458,126.384446,43563.907087
683,996080902,6,731.143913,64.346029,56968.186191
684,996080901,6,480.24658,43.947513,34627.721018
685,996080900,6,861.5681,73.117599,30159.627983
686,996080899,6,711.691458,52.961459,26808.558208
687,996080898,6,927.175284,61.469307,30159.627983
688,996080897,6,820.257607,62.515025,32393.674501
689,996080896,6,490.301761,44.561495,29042.604725
690,996080895,6,1011.225605,79.431351,33510.697759
691,996080894,6,721.411023,54.255641,35744.744277
692,996080893,6,866.451327,71.506597,30159.627983
693,994040271,6,723.511096,51.620678,32393.674501
694,994040270,6,1048.25797,81.577408,35744.744277
695,994040269,6,1178.121973,86.698321,42446.883829
696,993942482,6,1038.225985,82.779665,48032.000122
697,992452592,6,1592.652787,95.115273,68138.418777
698,992452591,6,527.567084,50.399872,25691.534949
699,992452590,6,911.55133,73.308029,22340.465173
700,992204782,6,1046.403686,86.438794,39095.814053
701,992204779,6,919.603668,76.033025,32393.674501
702,991212795,6,871.139105,70.240589,36861.767535
703,991192396,6,1212.317388,92.530817,41329.86057
704,989512360,6,458.546479,42.820893,25691.534949
705,989060420,6,922.060581,80.877671,39095.814053
706,987172213,6,678.969303,62.096327,36861.767535
707,987172212,6,793.14667,68.850617,31276.651242
708,985167078,6,617.163967,51.879342,22340.465173
709,985167077,6,647.598005,53.508688,27925.581466
710,977776546,6,462.195819,42.701494,18989.395397
711,977776545,6,660.205356,53.641865,22340.465173
712,977776544,6,474.226698,47.025276,30159.627983
713,977776543,6,589.956294,51.773598,48032.000122
714,977776542,6,900.448826,71.014236,31276.651242
715,977776541,6,574.173415,54.859875,25691.534949
716,977776540,6,864.670089,78.021925,50266.046639
717,977776539,6,605.01809,55.09748,35744.744277
718,977776538,6,888.530971,72.696145,36861.767535
719,977776537,6,1000.805193,80.214622,44680.930346
720,977776536,6,929.565074,79.138016,39095.814053
721,977776535,6,800.721741,71.575119,30159.627983
722,977776534,6,848.171063,67.335693,43563.907087
723,977776533,6,862.503879,69.682791,29042.604725
724,977776532,6,1083.747484,89.418464,45797.953605
725,977776531,6,799.473049,72.232862,42446.883829
726,977776530,6,1234.114719,84.290311,30159.627983
727,977776529,6,585.035064,48.754362,25691.534949
728,977776528,6,634.241933,51.248003,21223.441914
729,977776527,6,738.241224,61.642956,27925.581466
730,977776526,6,814.384311,72.022937,49149.02338
731,977776525,6,423.955727,41.872364,26808.558208
732,977776524,6,414.190755,38.859668,10053.209328
733,977776523,6,842.531218,74.098497,27925.581466
734,977776522,6,661.26403,53.762375,30159.627983
735,977776521,6,1041.425698,82.803685,31276.651242
736,977776520,6,811.886926,71.055447,35744.744277
737,977776519,6,772.18542,67.041082,18989.395397
738,977776518,6,670.684007,55.272445,23457.488432
739,977776517,6,964.898625,77.553789,35744.744277
740,977776516,6,1345.234024,94.126272,33510.697759
741,977776515,6,1095.989605,83.132433,44680.930346
742,977776514,6,1034.632417,80.519227,45797.953605
743,977776513,6,675.265178,61.736813,31276.651242
744,977776512,6,1019.829243,78.954455,48032.000122
745,977776511,6,1051.79626,84.70864,33510.697759
746,977776510,6,959.659053,75.7503,40212.837311
747,977776509,6,634.967458,60.27396,32393.674501
748,977776508,6,669.571042,60.327593,26808.558208
749,977776507,6,966.428644,77.106587,33510.697759
750,977776506,6,987.889371,77.897878,36861.767535
751,977776505,6,461.799989,42.71046,18989.395397
752,977776504,6,431.81163,43.161199,24574.51169
753,977776503,6,1069.038579,85.071114,33510.697759
754,977776502,6,685.372182,64.457408,29042.604725
755,977776501,6,520.69977,49.277529,24574.51169
756,977776500,6,444.675629,41.215073,17872.372138
757,977776499,6,879.362707,74.828917,32393.674501
758,977776498,6,585.126372,47.159112,24574.51169
759,977776497,6,993.043558,78.744488,40212.837311
760,977776496,6,810.565188,69.659881,36861.767535
761,977776495,6,703.892313,58.566673,26808.558208
762,977776494,6,1219.438883,101.706772,51383.069898
763,977776493,6,907.178439,67.266925,36861.767535
764,977776492,6,1080.338998,81.133949,33510.697759
765,977776491,6,971.956452,76.778744,30159.627983
766,977776490,6,505.871425,43.188303,26808.558208
767,977776489,6,1073.583227,78.133427,34627.721018
768,977776488,6,1155.395772,82.743759,42446.883829
769,977776487,6,876.503053,63.460922,41329.86057
770,977776486,6,796.110957,58.35136,20106.418656
771,977776485,6,1038.190449,78.007036,61436.279226
772,977776484,6,838.394246,62.003292,29042.604725
773,977776483,6,936.654981,65.221183,35744.744277
774,977776482,6,759.993148,59.452315,43563.907087
775,977776481,6,978.722587,83.085545,75957.581588
776,977776480,6,1281.148468,106.924505,56968.186191
777,977776479,6,1010.683682,68.8755,29042.604725
778,977776478,6,738.107471,66.990617,60319.255967
779,976538065,6,1122.22695,88.165864,49149.02338
780,976538063,6,795.482662,67.171792,24574.51169
781,976538062,6,819.040502,66.572905,26808.558208
782,975850987,6,769.048882,65.650123,48032.000122
783,974044470,6,770.002429,66.034561,29042.604725
784,971637864,6,1057.644879,86.957684,34627.721018
785,971562919,6,738.258498,63.635846,48032.000122
786,967348075,6,681.786017,56.094583,30159.627983
787,963462356,6,717.608187,58.246398,27925.581466
788,963462355,6,1106.141029,82.901285,39095.814053
789,956331307,6,1084.003145,82.077584,34627.721018
790,956331295,6,1133.524408,85.167851,39095.814053
791,956331288,6,463.609359,41.405503,26808.558208
792,956331287,6,963.648946,74.217403,31276.651242
793,955820348,6,809.650138,61.783578,27925.581466
794,955820347,6,1168.075182,87.615757,33510.697759
795,955820346,6,803.733409,80.283637,33510.697759
796,955820345,6,760.087911,61.0736,24574.51169
797,955820344,6,419.888839,41.496399,10053.209328
798,955820341,6,970.362271,79.241415,34627.721018
799,955820340,6,965.977041,76.886298,46914.976863
800,955820339,6,848.479041,61.430604,25691.534949
801,955820338,6,927.684632,74.227109,31276.651242
802,955820337,6,928.600669,75.226516,30159.627983
803,955820336,6,1220.729527,105.46124,54734.139674
804,955820335,6,821.261496,59.767943,24574.51169
805,955820334,6,1009.090982,77.516279,32393.674501
806,955820333,6,1050.27562,75.007995,32393.674501
807,955465348,6,790.602891,60.574658,25691.534949
808,955465347,6,838.099594,69.954821,31276.651242
809,955465346,6,556.788459,48.930766,33510.697759
810,955465345,6,1629.130397,113.617142,49149.02338
811,955465344,6,856.521508,69.146585,31276.651242
812,955465343,6,1180.705236,84.170419,37978.790794
813,955465342,6,837.655395,66.275621,34627.721018
814,955465341,6,981.32806,80.332458,65904.37226
815,955465340,6,1021.773847,80.640189,35744.744277
816,955465339,6,975.896989,79.976729,60319.255967
817,955465338,6,710.516799,56.360239,31276.651242
818,955465337,6,493.114034,44.287572,18989.395397
819,955465336,6,1092.740537,81.348522,34627.721018
820,955465335,6,670.288176,56.677676,24574.51169
821,955465334,6,975.921667,77.766675,48032.000122
822,955465332,6,549.387119,49.554495,31276.651242
823,955465331,6,755.048721,58.406186,29042.604725
824,955465330,6,825.617606,56.725757,27925.581466
825,955465329,6,1131.715038,82.21944,53617.116415
826,955465328,6,911.622402,77.413866,49149.02338
827,955465327,6,930.199785,80.341054,29042.604725
828,955465326,6,1256.756029,97.251252,40212.837311
829,955465325,6,982.829946,70.525946,27925.581466
830,955465324,6,969.978286,76.291935,34627.721018
831,955465323,6,907.71592,69.809675,32393.674501
832,955465322,6,1060.958109,70.856093,37978.790794
833,955465321,6,827.36084,61.698481,29042.604725
834,955465320,6,1193.048042,64.711835,33510.697759
835,955465319,6,1131.356717,67.018091,46914.976863
836,955465318,6,900.776053,70.326344,27925.581466
837,955465317,6,1093.750349,80.516924,34627.721018
838,955465316,6,1098.506731,85.098301,59202.232708
839,955465315,6,771.900145,63.78675,32393.674501
840,955465314,6,1238.356819,70.790573,32393.674501
841,955465313,6,1275.566369,69.55167,35744.744277
842,955465312,6,853.289714,59.582243,29042.604725
843,955465311,6,918.851985,63.651722,30159.627983
844,955465310,6,824.170505,58.527559,29042.604725
845,955465309,6,1294.099333,93.93358,36861.767535
846,955465308,6,916.51155,65.591267,25691.534949
847,955465307,6,476.205851,42.830229,27925.581466
848,955465306,6,1008.797318,76.215557,25691.534949
849,955465305,6,1110.02925,84.955293,45797.953605
850,955465304,6,1108.18237,87.984195,36861.767535
851,955465303,6,1040.593072,79.933584,27925.581466
852,955465302,6,603.7156,52.358336,24574.51169
853,955465301,6,1106.702694,84.839637,39095.814053
854,955465300,6,1074.481496,85.097231,39095.814053
855,955465299,6,675.730106,54.704858,30159.627983
856,955465298,6,514.894584,46.873714,18989.395397
857,955465297,6,979.218609,89.650969,48032.000122
858,955465296,6,868.942295,81.387883,35744.744277
859,955465295,6,622.756925,56.461623,29042.604725
860,955465294,6,580.064479,52.486043,24574.51169
861,955465293,6,1223.641991,99.98032,39095.814053
862,955465292,6,1252.660515,94.605801,54734.139674
863,955465291,6,1020.36623,83.117996,36861.767535
864,955465290,6,1132.973601,86.684378,52500.093156
865,955465289,6,1015.589612,81.621375,40212.837311
866,955465288,6,1047.971708,84.978655,56968.186191
867,955465287,6,929.41454,76.8587,25691.534949
868,955465286,6,928.604618,78.448315,35744.744277
869,955465285,6,680.262908,61.373023,44680.930346
870,955465284,6,943.571651,77.492711,41329.86057
871,955465283,6,927.24833,74.797082,34627.721018
872,955465282,6,1122.741234,79.390798,35744.744277
873,955465281,6,988.28915,79.737067,42446.883829
874,955465280,6,724.615671,62.275692,29042.604725
875,955465279,6,962.848401,76.615624,37978.790794
876,955465278,6,1041.903952,80.187065,41329.86057
877,955465277,6,990.114807,76.747033,40212.837311
878,955465276,6,976.238035,75.860157,33510.697759
879,955465275,6,1520.110178,117.923856,46914.976863
880,955465274,6,939.893191,68.648136,54734.139674
881,955465273,6,1180.781243,85.455182,44680.930346
882,955465272,6,867.626479,62.844802,31276.651242
883,955465271,6,1160.638306,90.014636,43563.907087
884,955465270,6,510.181141,50.11616,22340.465173
885,955465269,6,1419.091955,105.270892,51383.069898
886,955465267,6,1267.001722,100.251034,46914.976863
887,955465266,6,1395.601733,93.035805,40212.837311
888,955465265,6,1176.824912,101.06836,51383.069898
889,955465264,6,1032.918303,77.353981,35744.744277
890,955465263,6,1030.955931,94.522514,40212.837311
891,955465262,6,1251.522379,108.929734,46914.976863
892,955465261,6,1490.07592,94.815109,42446.883829
893,955465260,6,1087.954047,80.190767,44680.930346
894,955465259,6,1161.826785,91.604703,80425.674623
895,955465258,6,1414.475249,108.378063,65904.37226
896,955465257,6,1334.497738,104.881108,45797.953605
897,955465256,6,904.006859,79.087056,41329.86057
898,955465255,6,954.203304,82.717724,33510.697759
899,955465254,6,960.975362,83.480841,34627.721018
900,955465253,6,1033.168041,75.107446,45797.953605
901,954622440,6,982.812178,92.8499,63670.325743
902,954622439,6,1104.202841,96.950554,86010.790916
903,954622438,6,919.211292,86.894674,61436.279226
904,954622437,6,605.53188,62.696571,30159.627983
905,954622436,6,702.731474,68.114851,30159.627983
906,954622435,6,611.928344,57.615059,55851.162932
907,954622434,6,880.544276,83.878111,35744.744277
908,954622433,6,685.067166,68.961214,31276.651242
909,954622432,6,1015.146893,91.352374,45797.953605
910,954622431,6,644.045402,55.14301,30159.627983
911,954622428,6,403.696804,41.785745,31276.651242
912,954622427,6,933.163085,85.069674,35744.744277
913,954622426,6,927.132839,99.427744,40212.837311
914,954622425,6,1056.328569,93.789463,41329.86057
915,953845779,6,1032.803798,90.735595,60319.255967
916,953845778,6,870.384461,79.014216,31276.651242
917,953845777,6,819.665342,77.222737,35744.744277
918,953845776,6,706.825013,68.048139,30159.627983
919,953845775,6,699.496719,67.062182,20106.418656
920,953845774,6,783.211422,73.89795,35744.744277
921,953845773,6,784.456166,73.945413,35744.744277
922,953845772,6,794.819819,75.290472,34627.721018
923,953845771,6,833.57765,82.088236,43563.907087
924,953845770,6,878.264548,85.600574,37978.790794
925,953845769,6,509.869214,56.773796,18944.472305
926,953845768,6,407.359964,45.340858,18953.407258
927,953845767,6,456.480954,49.696968,17828.895449
928,953845766,6,459.913131,50.015516,18950.572242
929,953845765,6,462.344379,50.879935,18942.266191
930,953845764,6,403.388826,44.358027,17828.674563
931,953845763,6,410.688494,45.115427,17828.895449
932,953845762,6,476.348982,52.25325,18943.201414
933,953845761,6,542.460578,59.918395,23300.649988
934,953845760,6,421.367034,46.574949,18883.3114
935,953845759,6,404.143964,44.096649,18813.799195
936,953845758,6,468.1545,51.039641,18872.523573
937,953845757,6,1664.365731,114.144299,59202.232708
938,953845756,6,741.905864,66.112954,29042.604725
939,953845755,6,1111.754716,101.891321,62553.302484
940,953845754,6,1234.189246,83.169614,40212.837311
941,953845753,6,935.290304,92.211734,56968.186191
942,953845752,6,918.644692,86.784734,48032.000122
943,953845751,6,1353.568676,117.00058,62553.302484
944,953845750,6,985.573614,92.727539,63670.325743
945,953845749,6,797.710073,61.907583,29042.604725
946,953845748,6,714.694242,61.893723,50266.046639
947,953845747,6,962.238861,96.891616,50266.046639
948,953845746,6,855.726885,70.408932,31276.651242
949,953845745,6,874.986854,87.191218,50266.046639
950,953845744,6,1014.76735,85.091473,33510.697759
951,953845743,6,788.446553,74.889007,36861.767535
952,953845742,6,686.951062,57.306876,32393.674501
953,953845741,6,1055.119855,93.483006,82659.72114
954,953845740,6,940.872403,86.374426,32393.674501
955,953845739,6,837.011307,82.779788,33510.697759
956,953845738,6,556.136967,63.355096,18989.395397
957,953845737,6,380.925197,45.280726,18989.395397
958,953845736,6,739.324575,76.039688,35744.744277
959,953845735,6,975.01945,103.731908,45797.953605
960,953845734,6,1488.251249,130.783618,59202.232708
961,953845733,6,1812.666454,144.440882,90478.88395
962,953845732,6,790.081698,85.278407,29042.604725
963,953845731,6,790.081698,85.25377,29042.604725
964,953845730,6,790.081698,85.28618,26808.558208
965,953845729,6,1438.903718,169.439489,56968.186191
966,953845728,9,1068.076149,77.394206,28953.292025
967,953845727,9,1068.742447,77.431223,28967.484435
968,953845726,9,1068.742447,77.431223,28972.38977
969,953845725,6,1000.550519,145.803956,56968.186191
970,953845724,6,179.14836,16.232013,6702.139552
971,953845723,6,190.29479,17.551119,6702.139552
972,953845722,6,200.687069,18.403323,6702.139552
973,953845721,6,179.559984,16.88404,6702.139552
974,953845720,6,2612.625161,201.099639,75957.581588
975,953845719,6,197.342745,17.81114,6702.139552
976,953845718,6,186.305884,17.195678,6702.139552
977,953845717,6,179.725818,16.721372,6702.139552
978,953845716,6,161.82263,15.361219,6702.139552
979,953845715,6,712.521616,66.064873,22340.465173
980,953845714,6,523.327453,50.812565,18989.395397
981,953845713,6,462.566478,49.443898,11170.232586
982,953845712,6,1269.449258,109.418764,45797.953605
983,953845711,6,1251.33927,107.147921,45797.953605
984,953845710,6,1277.797235,109.687257,45797.953605
985,953845709,6,1221.524643,104.692077,39095.814053
986,953845708,6,33.828704,3.387633,2234.046517
987,953845707,6,1180.79605,107.247002,44680.930346
988,953845706,6,1168.015956,106.056713,44680.930346
989,953845705,6,1248.127713,105.893881,45797.953605
990,953845704,6,1179.849413,107.608941,44680.930346
991,953845703,6,1270.636749,108.640223,43563.907087
992,953845702,6,1184.793346,107.148743,45797.953605
993,953845701,6,1268.276573,107.290352,45797.953605
994,953845700,6,1161.223168,106.411085,44680.930346
995,953698256,6,692.925044,56.124896,23457.488432
996,953698255,6,690.996233,56.004633,23457.488432
997,953698254,6,689.067423,55.88437,23457.488432
998,953698253,6,687.138613,55.75802,23457.488432
999,953698252,6,711.65839,57.533623,23457.488432
